{"walls":[[[-0.19444444444444442,-0.006675567423231055,0.4,1,4],[-0.7833333333333332,-0.004005340453938633,0.4,1,4],[-0.788888888888889,0.746328437917223,0.4,1,4],[0.5083333333333333,0.7409879839786382,0.4,1,4],[0.5055555555555555,-0.004005340453938633,0.4,1,4],[0.12222222222222223,-0.006675567423231055,0.4,1,4]],[[-0.7777777777777777,0.46328437917222964,0.1,1,3],[-0.4750000000000001,0.4686248331108144,0.1,1,3],[-0.47777777777777786,0.5567423230974633,0.1,1,3]],[[0.18888888888888888,0.7303070761014686,0.1,1,1],[0.1777777777777778,0.18291054739652868,0.1,1,1]],[[-0.7833333333333332,0.19626168224299068,0.30000000000000004,1,4],[-0.4472222222222222,0.18825100133511352,0.30000000000000004,1,4],[-0.4472222222222222,0.15353805073431237,0.30000000000000004,1,4]]],"plys":[[0,-0.1777777777777778,-0.18825100133511352,null,null],[0,-0.20277777777777772,-0.36715620827770357,null,null],[0,-0.21944444444444455,-0.5433911882510014,null,null],[0,0.125,-0.18291054739652868,null,null],[0,0.1166666666666667,-0.3564753004005341,null,null],[0,0.09444444444444455,-0.548731642189586,null,null],[0,0.11388888888888893,-0.6929238985313753,null,null],[0,-0.2250000000000001,-0.6875834445927904,null,null],[0,-0.2333333333333334,-0.7383177570093458,null,null],[0,0.14722222222222214,-0.9572763684913217,null,null],[0,-0.18333333333333335,-0.9546061415220293,null,null],[2,0.20277777777777772,-0.05206942590120156,null,null],[2,0.25277777777777777,-0.04672897196261672,null,null],[2,0.38055555555555554,-0.04405874499332452,null,null],[1,0.4111111111111112,0.650200267022697,null,null],[1,-0.7055555555555555,0.6795727636849132,null,null],[1,-0.7416666666666667,0.03604806408544725,null,null],[3,0.13888888888888884,0.21228304405874499,null,null],[3,0.08611111111111103,0.27636849132176233,null,null],[3,0.1166666666666667,0.3271028037383178,null,null],[3,0.07222222222222219,0.4392523364485982,null,null],[3,0.10277777777777786,0.5781041388518025,null,null],[3,0.02499999999999991,0.6982643524699599,null,null],[4,-0.3222222222222222,0.009345794392523366,null,null],[4,-0.5694444444444444,0.020026702269692942,null,null],[4,0.43333333333333335,0.020026702269692942,null,null]]}